{"cameraMode":{"drawMode":0,"name":"Shaded","section":"Shading Mode"},"sceneLighting":true,"audioPlay":false,"sceneViewState":{"showFog":true,"showMaterialUpdate":false,"showSkybox":true,"showFlares":true,"showImageEffects":true,"showParticleSystems":true},"in2DMode":false,"pivot":{"x":-0.3588741421699524,"y":1.5107210874557496,"z":-0.8167339563369751},"rotation":{"x":0.3154808282852173,"y":0.014232641085982323,"z":-0.004729091189801693,"w":0.9488134980201721},"size":1.7263917922973633,"orthographic":false}