{"cameraMode":{"drawMode":0,"name":"Shaded","section":"Shading Mode"},"sceneLighting":false,"audioPlay":false,"sceneViewState":{"showFog":true,"showMaterialUpdate":false,"showSkybox":true,"showFlares":true,"showImageEffects":true,"showParticleSystems":true},"in2DMode":false,"pivot":{"x":-0.22700002789497376,"y":1.0,"z":1.8259999752044678},"rotation":{"x":0.06594397127628327,"y":-0.016463300213217737,"z":0.0010879315668717027,"w":0.9976869821548462},"size":2.3877265453338625,"orthographic":false}