{"cameraMode":{"drawMode":0,"name":"Shaded","section":"Shading Mode"},"sceneLighting":false,"audioPlay":false,"sceneViewState":{"showFog":true,"showMaterialUpdate":false,"showSkybox":true,"showFlares":true,"showImageEffects":true,"showParticleSystems":true},"in2DMode":false,"pivot":{"x":-0.09455125033855438,"y":1.5864043235778809,"z":-0.4162891209125519},"rotation":{"x":0.19472844898700715,"y":-0.18212775886058808,"z":0.03682269528508186,"w":0.9630962610244751},"size":1.4682838916778565,"orthographic":false}