{"cameraMode":{"drawMode":0,"name":"Shaded","section":"Shading Mode"},"sceneLighting":true,"audioPlay":false,"sceneViewState":{"showFog":true,"showMaterialUpdate":false,"showSkybox":true,"showFlares":true,"showImageEffects":true,"showParticleSystems":true},"in2DMode":false,"pivot":{"x":-0.48402929306030276,"y":0.7112264633178711,"z":0.5664159655570984},"rotation":{"x":0.2337738424539566,"y":-0.0902736634016037,"z":0.02181209810078144,"w":0.9678454399108887},"size":3.512910842895508,"orthographic":false}